slug,provider,plan,nodeType,chain,accessPrice,queryPrice,uptimeSla,bandwidthSla,blocksBehindSla,starred,trial,availableApis,limitations,securityImprovements,monitoringAndAnalytics,regions,verifiedUptime,averageLatency,verifiedBlocksBehindAvg,actionButtons
1rpc-astar-free,1rpc,Free,Recent-State,astar,0,0,best-effort,,,FALSE,FALSE,"[""eth"",""web3"",""net"",""substrate""]","[""20,000 protected TXs per day""]","[""Privacy Protected Relays""]",,"[""Multiple Regions""]",,,,"[{""label"":""Send Requests"", ""url"":""https://1rpc.io/astr"", ""type"":""external""}, {""label"":""Docs"", ""url"":""https://docs.1rpc.io/"", ""type"":""external""}]"
1rpc-astar-pay-as-you-go,1rpc,Pay-as-you-go,Recent-State,astar,$9.9-$29.90,0,99.90%,,,FALSE,FALSE,"[""eth"",""web3"",""net"",""substrate""]","[""40,000 - 100,000 protected transactions per day""]","[""Privacy Protected Relays"", ""Transaction Sanitizers""]",,"[""Multiple Regions""]",,,,"[{""label"":""Buy"", ""url"":""https://www.1rpc.io/#pricing"", ""type"":""external""}, {""label"":""Docs"", ""url"":""https://docs.1rpc.io/"", ""type"":""external""}]"
1rpc-astar-enterprise,1rpc,Enterprise,Recent-State,astar,custom,custom,custom,,,FALSE,FALSE,"[""eth"",""web3"",""net"",""substrate""]",,"[""Privacy Protected Relays"", ""Transaction Sanitizers""]",,"[""Multiple Regions""]",,,,"[{""label"":""Buy"", ""url"":""https://www.1rpc.io/#pricing"", ""type"":""external""}, {""label"":""Docs"", ""url"":""https://docs.1rpc.io/"", ""type"":""external""}]"
alchemy-astar-free-archive,Alchemy,Free,Full Archive,astar,$0.00,$0 per 1M request,,,,FALSE,FALSE,"[""eth"",""web3"",""net"",""debug"",""trace"",""nft"",""transfer"",""tokens"",""substrate""]","[""1500 req/min""]","[""TX simulation""]","[""Basic monitoring"",""Usage analytics""]",,,,,"[{""label"":""Send Requests"", ""url"":""https://astar-mainnet.g.alchemy.com/public"", ""type"":""external""}, {""label"":""Docs"", ""url"":""https://www.alchemy.com/docs"", ""type"":""external""}]"
alchemy-astar-pay-as-you-go-archive,Alchemy,Pay-as-you-go,Full Archive,astar,$0.00,$0.40 per1M CUs,,,,FALSE,FALSE,"[""eth"",""web3"",""net"",""debug"",""trace"",""nft"",""transfer"",""tokens"",""substrate""]","[""18000 req/s""]","[""TX simulation""]","[""Usage analytics"",""Custom alerts"",""Reporting""]",,,,,"[{""label"":""Buy"", ""url"":""https://auth.alchemy.com/"", ""type"":""external""}, {""label"":""Docs"", ""url"":""https://www.alchemy.com/docs"", ""type"":""external""}]"
alchemy-astar-enterprise-archive,Alchemy,Enterprise,Full Archive,astar,Custom,custom,custom,,,FALSE,FALSE,"[""eth"",""web3"",""net"",""debug"",""trace"",""nft"",""transfer"",""tokens"",""substrate""]","[""custom limits""]","[""TX simulation""]","[""Advanced analytics"",""Custom dashboards"",""Engineering support""]",,,,,"[{""label"":""Buy"", ""url"":""https://auth.alchemy.com/"", ""type"":""external""}, {""label"":""Docs"", ""url"":""https://www.alchemy.com/docs"", ""type"":""external""}]"
allthatnode-astar-free-archive,AllThatNode,Free,Full Archive,astar,$0.00,$0.00,,,,FALSE,FALSE,"[""eth"",""web3"",""net"",""substrate""]","[""9000 CU/min""]","[""DDoS Protection"",""IP Protection"",""TLS"",""SOC 2 compliant""]","[""Basic monitoring"",""Usage analytics""]","[""Global""]",,,,"[{""label"":""Website"", ""url"":""https://www.allthatnode.com/login.dsrv"", ""type"":""external""}, {""label"":""Docs"", ""url"":""https://docs.allthatnode.com/"", ""type"":""external""}]"
allthatnode-astar-pay-as-you-go-archive,AllThatNode,Pay-as-you-go,Full Archive,astar,$29/$139,$0.58/$0.56/ per 1M CUs,99.90%,,,FALSE,FALSE,"[""eth"",""net"",""web3"",""debug"",""trace"",""substrate""]","[""20000 CU/min"",""120000 CU/min""]","[""DDoS Protection"",""IP Protection"",""TLS"",""SOC 2 compliant""]","[""Usage analytics"",""Custom alerts"",""Reporting""]","[""Global""]",,,,"[{""label"":""Buy"", ""url"":""https://www.allthatnode.com/login.dsrv"", ""type"":""external""}, {""label"":""Docs"", ""url"":""https://docs.allthatnode.com/"", ""type"":""external""}]"
allthatnode-astar-enterprise-archive,AllThatNode,Enterprise,Full Archive,astar,Custom,Custom pricing,custom,,,FALSE,FALSE,"[""eth"",""net"",""web3"",""debug"",""trace"",""substrate""]","[""custom limits""]","[""DDoS Protection"",""IP Protection"",""TLS"",""SOC 2 compliant"", ""Dedicated infrastructure""]","[""Advanced analytics"",""Custom dashboards"",""Engineering support""]","[""Global""]",,,,"[{""label"":""Buy"", ""url"":""https://www.allthatnode.com/login.dsrv"", ""type"":""external""}, {""label"":""Docs"", ""url"":""https://docs.allthatnode.com/"", ""type"":""external""}]"
blast-astar-free-archive,Blast,Free,Full Archive,astar,0,$0,,,,FALSE,FALSE,"[""eth"",""web3"",""net"",""substrate""]","[""12M requests per month"",""40 requests per second"", ""1 project""]","[""Methods filtering"", ""IP filtering"", ""Domains filtering"",""Rate-limiting""]","[""API calls"", ""Calls per chain"", ""Calls per method""]",,,,,"[{""label"":""Website"", ""url"":""https://astar.public.blastapi.io"", ""type"":""external""}, {""label"":""Docs"", ""url"":""https://docs.blastapi.io/"", ""type"":""external""}]"
blast-astar-pay-as-you-go-archive,Blast,Pay-As-You-Go,Full Archive,astar,$50/$250 included into query fees,$10-24.8 per 1M requests,,,,FALSE,FALSE,"[""eth"",""web3"",""net"",""debug"",""trace"",""substrate""]","[""20M-80M requests per month"",""100-400 requests per second"", ""3-10 projects""]","[""Methods filtering"", ""IP filtering"", ""Domains filtering"",""Rate-limiting""]","[""API calls"", ""Calls per chain"", ""Calls per method""]",,,,,"[{""label"":""Buy"", ""url"":""https://blastapi.io/dashboard"", ""type"":""external""}, {""label"":""Docs"", ""url"":""https://docs.blastapi.io/"", ""type"":""external""}]"
blast-astar-enterprise-archive,Blast,Enterprise,Full Archive,astar,Custom,custom,custom,,,FALSE,FALSE,"[""eth"",""web3"",""net"",""debug"",""trace"",""substrate""]","[""Custom""]","[""Methods filtering"", ""IP filtering"", ""Domains filtering"",""Rate-limiting""]","[""API calls"", ""Calls per chain"", ""Calls per method""]",,,,,"[{""label"":""Buy"", ""url"":""https://blastapi.io/dashboard"", ""type"":""external""}, {""label"":""Docs"", ""url"":""https://docs.blastapi.io/"", ""type"":""external""}]"
astar-free,Astar,Free,Recent-State,astar,$0.00,$0.00,,,,FALSE,FALSE,"[""eth"",""web3"",""net"",""substrate""]","[""limited when overused"", ""not for production""]",,,,,,,"[{""label"":""Send requests"",""url"": ""https://evm.astar.network"", ""type"": ""external""}]"
astar-shibuya-free,Astar,Free,Recent-State,shibuya,$0.00,$0.00,,,,FALSE,FALSE,"[""eth"",""web3"",""net""]","[""limited when overused"", ""not for production""]",,,,,,,"[{""label"":""Send requests"",""url"": ""https://evm.shibuya.astar.network/"", ""type"": ""external""}]"
astar-shiden-free,Astar,Free,Recent-State,shiden,$0.00,$0.00,,,,FALSE,FALSE,"[""eth"",""web3"",""net"",""substrate""]","[""limited when overused"", ""not for production""]",,,,,,,"[{""label"":""Send requests"",""url"": ""https://evm.shiden.astar.network"", ""type"": ""external""}]"
chain-love-astar-free-archive,Chain.Love,Free,Full Archive,astar,0,0,,,,TRUE,FALSE,"[""eth"",""web3"",""net"",""debug"",""trace""]","[""100k requests per month""]","[""DDoS Protection"", ""IP Protection"", ""Domain name protection"", ""Custom rate limiting""]","[""per-method analytics"", ""requests amount monitoring API""]","[""US""]",,,,"[{""label"":""Website"",""url"": ""/rpc"", ""type"": ""internal""}, {""label"":""Docs"",""url"": ""https://protofire-org.gitbook.io/proteus-shield-docs/blockchains/astar"", ""type"": ""external""}]"
chain-love-astar-pay-as-you-go-archive,Chain.Love,Pay-As-You-Go,Full Archive,astar,$30,$2 per 1M requests,,,,TRUE,FALSE,"[""eth"",""web3"",""net"",""debug"",""trace""]",,"[""DDoS Protection"", ""IP Protection"", ""Domain name protection"", ""Custom rate limiting""]","[""per-method analytics"", ""requests amount monitoring API""]","[""US""]",,,,"[{""label"":""Buy"",""url"": ""/rpc"", ""type"": ""internal""}, {""label"":""Docs"",""url"": ""https://protofire-org.gitbook.io/proteus-shield-docs/blockchains/astar"", ""type"": ""external""}]"
chain-love-astar-dedicated-archive,Chain.Love,Dedicated,Full Archive,astar,$300,0,,,,TRUE,FALSE,"[""eth"",""web3"",""net"",""debug"",""trace""]",,"[""DDoS Protection"", ""IP Protection"", ""Domain name protection"", ""Custom rate limiting""]","[""per-method analytics"", ""requests amount monitoring API""]","[""US""]",,,,"[{""label"":""Buy"",""url"": ""/rpc"", ""type"": ""internal""}, {""label"":""Docs"",""url"": ""https://protofire-org.gitbook.io/proteus-shield-docs/blockchains/astar"", ""type"": ""external""}]"
chain-love-astar-dedicated,Chain.Love,Dedicated,Recent-State,astar,$200,0,,,,TRUE,FALSE,"[""eth"",""web3"",""net"",""debug"",""trace""]",,"[""DDoS Protection"", ""IP Protection"", ""Domain name protection"", ""Custom rate limiting""]","[""per-method analytics"", ""requests amount monitoring API""]","[""US""]",,,,"[{""label"":""Buy"",""url"": ""/rpc"", ""type"": ""internal""}, {""label"":""Docs"",""url"": ""https://protofire-org.gitbook.io/proteus-shield-docs/blockchains/astar"", ""type"": ""external""}]"
chain-love-shibuya-free-archive,Chain.Love,Free,Full Archive,shibuya,0,0,,,,TRUE,FALSE,"[""eth"",""web3"",""net"",""debug"",""trace""]","[""100k requests per month""]","[""DDoS Protection"", ""IP Protection"", ""Domain name protection"", ""Custom rate limiting""]","[""per-method analytics"", ""requests amount monitoring API""]","[""US""]",,,,"[{""label"":""Website"",""url"": ""/rpc"", ""type"": ""internal""}, {""label"":""Docs"",""url"": ""https://protofire-org.gitbook.io/proteus-shield-docs/blockchains/astar"", ""type"": ""external""}]"
chain-love-shibuya-pay-as-you-go-archive,Chain.Love,Pay-As-You-Go,Full Archive,shibuya,$30,$2 per 1M requests,,,,TRUE,FALSE,"[""eth"",""web3"",""net"",""debug"",""trace""]",,"[""DDoS Protection"", ""IP Protection"", ""Domain name protection"", ""Custom rate limiting""]","[""per-method analytics"", ""requests amount monitoring API""]","[""US""]",,,,"[{""label"":""Buy"",""url"": ""/rpc"", ""type"": ""internal""}, {""label"":""Docs"",""url"": ""https://protofire-org.gitbook.io/proteus-shield-docs/blockchains/astar"", ""type"": ""external""}]"
chain-love-shibuya-dedicated-archive,Chain.Love,Dedicated,Full Archive,shibuya,$180,0,,,,TRUE,FALSE,"[""eth"",""web3"",""net"",""debug"",""trace""]",,"[""DDoS Protection"", ""IP Protection"", ""Domain name protection"", ""Custom rate limiting""]","[""per-method analytics"", ""requests amount monitoring API""]","[""US""]",,,,"[{""label"":""Buy"",""url"": ""/rpc"", ""type"": ""internal""}, {""label"":""Docs"",""url"": ""https://protofire-org.gitbook.io/proteus-shield-docs/blockchains/astar"", ""type"": ""external""}]"
chain-love-shibuya-dedicated,Chain.Love,Dedicated,Recent-State,shibuya,$120,0,,,,TRUE,FALSE,"[""eth"",""web3"",""net"",""debug"",""trace""]",,"[""DDoS Protection"", ""IP Protection"", ""Domain name protection"", ""Custom rate limiting""]","[""per-method analytics"", ""requests amount monitoring API""]","[""US""]",,,,"[{""label"":""Buy"",""url"": ""/rpc"", ""type"": ""internal""}, {""label"":""Docs"",""url"": ""https://protofire-org.gitbook.io/proteus-shield-docs/blockchains/astar"", ""type"": ""external""}]"
chain-love-shiden-free-archive,Chain.Love,Free,Full Archive,shiden,0,0,,,,TRUE,FALSE,"[""eth"",""web3"",""net"",""debug"",""trace""]","[""100k requests per month""]","[""DDoS Protection"", ""IP Protection"", ""Domain name protection"", ""Custom rate limiting""]","[""per-method analytics"", ""requests amount monitoring API""]","[""US""]",,,,"[{""label"":""Website"",""url"": ""/rpc"", ""type"": ""internal""}, {""label"":""Docs"",""url"": ""https://protofire-org.gitbook.io/proteus-shield-docs/blockchains/astar"", ""type"": ""external""}]"
chain-love-shiden-pay-as-you-go-archive,Chain.Love,Pay-As-You-Go,Full Archive,shiden,$10,$1 per 1M requests,,,,TRUE,FALSE,"[""eth"",""web3"",""net"",""debug"",""trace""]",,"[""DDoS Protection"", ""IP Protection"", ""Domain name protection"", ""Custom rate limiting""]","[""per-method analytics"", ""requests amount monitoring API""]","[""US""]",,,,"[{""label"":""Buy"",""url"": ""/rpc"", ""type"": ""internal""}, {""label"":""Docs"",""url"": ""https://protofire-org.gitbook.io/proteus-shield-docs/blockchains/astar"", ""type"": ""external""}]"
chain-love-shiden-dedicated-archive,Chain.Love,Dedicated,Full Archive,shiden,$300,0,,,,TRUE,FALSE,"[""eth"",""web3"",""net"",""debug"",""trace""]",,"[""DDoS Protection"", ""IP Protection"", ""Domain name protection"", ""Custom rate limiting""]","[""per-method analytics"", ""requests amount monitoring API""]","[""US""]",,,,"[{""label"":""Buy"",""url"": ""/rpc"", ""type"": ""internal""}, {""label"":""Docs"",""url"": ""https://protofire-org.gitbook.io/proteus-shield-docs/blockchains/astar"", ""type"": ""external""}]"
chain-love-shiden-dedicated,Chain.Love,Dedicated,Recent-State,shiden,$200,0,,,,TRUE,FALSE,"[""eth"",""web3"",""net"",""debug"",""trace""]",,"[""DDoS Protection"", ""IP Protection"", ""Domain name protection"", ""Custom rate limiting""]","[""per-method analytics"", ""requests amount monitoring API""]","[""US""]",,,,"[{""label"":""Buy"",""url"": ""/rpc"", ""type"": ""internal""}, {""label"":""Docs"",""url"": ""https://protofire-org.gitbook.io/proteus-shield-docs/blockchains/astar"", ""type"": ""external""}]"
blockdaemon-astar-dedicated,Blockdaemon,Dedicated,Recent-State,astar,$899/$1599,0,99.9,,,FALSE,FALSE,"[""eth"",""web3"",""net""]",,,,"[""South Africa"", ""Asia"", ""Canada Central"", ""Europe"", ""South America"", ""US""] ",,,,"[{""label"":""Buy"", ""url"":""https://app.blockdaemon.com/"", ""type"":""external""}, {""label"":""Docs"", ""url"":""https://docs.blockdaemon.com/docs/astar"", ""type"":""external""}]"
blockdaemon-shibuya-dedicated,Blockdaemon,Dedicated,Recent-State,shibuya,$899/$1599,0,99.9,,,FALSE,FALSE,"[""eth"",""web3"",""net""]",,,,"[""South Africa"", ""Asia"", ""Canada Central"", ""Europe"", ""South America"", ""US""] ",,,,"[{""label"":""Buy"", ""url"":""https://app.blockdaemon.com/"", ""type"":""external""}, {""label"":""Docs"", ""url"":""https://docs.blockdaemon.com/docs/astar"", ""type"":""external""}]"
blockdaemon-shiden-dedicated,Blockdaemon,Dedicated,Recent-State,shiden,$899/$1599,0,99.9,,,FALSE,FALSE,"[""eth"",""web3"",""net""]",,,,"[""South Africa"", ""Asia"", ""Canada Central"", ""Europe"", ""South America"", ""US""] ",,,,"[{""label"":""Buy"", ""url"":""https://app.blockdaemon.com/"", ""type"":""external""}, {""label"":""Docs"", ""url"":""https://docs.blockdaemon.com/docs/astar"", ""type"":""external""}]"
dwellir-astar-free-archive,Dwellir,Free,Archive,astar,$0 or $5 for account creation,$0,,,,FALSE,FALSE,"[""eth"",""web3"",""net"",""debug"",""trace""]","[""20 requests per second"", ""500k requests/day""]",,,,,,,"[{""label"":""Send Requests"", ""url"":""https://astar-rpc.dwellir.com/"", ""type"":""external""}, {""label"":""GitHub"", ""url"":""https://github.com/dwellir-public"", ""type"":""external""}]"
dwellir-astar-pay-as-you-go-archive,Dwellir,Pay-as-you-go,Archive,astar,$49/$299/$999 with 25M/150M/500M requests included,$2 per 1M requests,,,,FALSE,FALSE,"[""eth"",""web3"",""net"",""debug"",""trace""]","[""100/500/2000 requests per second""]",,,,,,,"[{""label"":""Buy"", ""url"":""https://dashboard.dwellir.com/register"", ""type"":""external""}, {""label"":""GitHub"", ""url"":""https://github.com/dwellir-public"", ""type"":""external""}]"
dwellir-astar-dedicated-archive,Dwellir,Dedicated,Archive,astar,,,,,,FALSE,FALSE,"[""eth"",""web3"",""net"",""debug"",""trace""]",,,,,,,,"[{""label"":""Contact Sales"", ""url"":""https://dashboard.dwellir.com/register"", ""type"":""external""}, {""label"":""GitHub"", ""url"":""https://github.com/dwellir-public"", ""type"":""external""}]"
dwellir-astar-dedicated,Dwellir,Dedicated,Recent-State,astar,,,,,,FALSE,FALSE,"[""eth"",""web3"",""net"",""debug"",""trace""]",,,,,,,,"[{""label"":""Contact Sales"", ""url"":""https://dashboard.dwellir.com/register"", ""type"":""external""}, {""label"":""GitHub"", ""url"":""https://github.com/dwellir-public"", ""type"":""external""}]"
dwellir-shibuya-free-archive,Dwellir,Free,Archive,shibuya,$0 or $5 for account creation,$0,,,,FALSE,FALSE,"[""eth"",""web3"",""net"",""debug"",""trace""]","[""20 requests per second"", ""500k requests/day""]",,,,,,,"[{""label"":""Send Requests"", ""url"":""https://shibuya-rpc.dwellir.com/"", ""type"":""external""}, {""label"":""GitHub"", ""url"":""https://github.com/dwellir-public"", ""type"":""external""}]"
dwellir-shibuya-pay-as-you-go-archive,Dwellir,Pay-as-you-go,Archive,shibuya,$49/$299/$999 with 25M/150M/500M requests included,$2 per 1M requests,,,,FALSE,FALSE,"[""eth"",""web3"",""net"",""debug"",""trace""]","[""100/500/2000 requests per second""]",,,,,,,"[{""label"":""Buy"", ""url"":""https://dashboard.dwellir.com/register"", ""type"":""external""}, {""label"":""GitHub"", ""url"":""https://github.com/dwellir-public"", ""type"":""external""}]"
dwellir-shibuya-dedicated-archive,Dwellir,Dedicated,Archive,shibuya,,,,,,FALSE,FALSE,"[""eth"",""web3"",""net"",""debug"",""trace""]",,,,,,,,"[{""label"":""Contact Sales"", ""url"":""https://dashboard.dwellir.com/register"", ""type"":""external""}, {""label"":""GitHub"", ""url"":""https://github.com/dwellir-public"", ""type"":""external""}]"
dwellir-shibuya-dedicated,Dwellir,Dedicated,Recent-State,shibuya,,,,,,FALSE,FALSE,"[""eth"",""web3"",""net"",""debug"",""trace""]",,,,,,,,"[{""label"":""Contact Sales"", ""url"":""https://dashboard.dwellir.com/register"", ""type"":""external""}, {""label"":""GitHub"", ""url"":""https://github.com/dwellir-public"", ""type"":""external""}]"
dwellir-shiden-free-archive,Dwellir,Free,Archive,shiden,$0 or $5 for account creation,$0,,,,FALSE,FALSE,"[""eth"",""web3"",""net"",""debug"",""trace""]","[""20 requests per second"", ""500k requests/day""]",,,,,,,"[{""label"":""Send Requests"", ""url"":""https://shiden-rpc.dwellir.com/"", ""type"":""external""}, {""label"":""GitHub"", ""url"":""https://github.com/dwellir-public"", ""type"":""external""}]"
dwellir-shiden-pay-as-you-go-archive,Dwellir,Pay-as-you-go,Archive,shiden,$49/$299/$999 with 25M/150M/500M requests included,$2 per 1M requests,,,,FALSE,FALSE,"[""eth"",""web3"",""net"",""debug"",""trace""]","[""100/500/2000 requests per second""]",,,,,,,"[{""label"":""Buy"", ""url"":""https://dashboard.dwellir.com/register"", ""type"":""external""}, {""label"":""GitHub"", ""url"":""https://github.com/dwellir-public"", ""type"":""external""}]"
dwellir-shiden-dedicated-archive,Dwellir,Dedicated,Archive,shiden,,,,,,FALSE,FALSE,"[""eth"",""web3"",""net"",""debug"",""trace""]",,,,,,,,"[{""label"":""Contact Sales"", ""url"":""https://dashboard.dwellir.com/register"", ""type"":""external""}, {""label"":""GitHub"", ""url"":""https://github.com/dwellir-public"", ""type"":""external""}]"
dwellir-shiden-dedicated,Dwellir,Dedicated,Recent-State,shiden,,,,,,FALSE,FALSE,"[""eth"",""web3"",""net"",""debug"",""trace""]",,,,,,,,"[{""label"":""Contact Sales"", ""url"":""https://dashboard.dwellir.com/register"", ""type"":""external""}, {""label"":""GitHub"", ""url"":""https://github.com/dwellir-public"", ""type"":""external""}]"
onfinality-astar-free,OnFinality,Free,Recent-State,astar,0,$0,,,,FALSE,FALSE,"[""eth"",""web3"",""net""]","[""400k units/day""]",,"[""Requests count monitoring"", ""Response time monitoring"", ""Geographical monitoring"", ""Per method monitoring""]","[""N.Virginia"",""Hong Kong""]",,,,"[{""label"":""Send Requests"", ""url"":""https://astar.api.onfinality.io/public"", ""type"":""external""}, {""label"":""Docs"", ""url"":""https://documentation.onfinality.io/"", ""type"":""external""}]"
onfinality-astar-pay-as-you-go,OnFinality,Pay-as-you-go,Full Archive,astar,$49/$249 with 20M/100M units included,$6/$3.75 per 1M units,,,,FALSE,FALSE,"[""eth"",""web3"",""net"",""debug"",""trace""]",,,"[""Requests count monitoring"", ""Response time monitoring"", ""Geographical monitoring"", ""Per method monitoring""]","[""N.Virginia"",""Hong Kong""]",,,,"[{""label"":""Buy"", ""url"":""https://app.onfinality.io/"", ""type"":""external""}, {""label"":""Docs"", ""url"":""https://documentation.onfinality.io/"", ""type"":""external""}]"
onfinality-astar-enterprise,OnFinality,Enterprise,Full Archive,astar,Custom,Custom,,,,FALSE,FALSE,"[""eth"",""web3"",""net"",""debug"",""trace""]",,,"[""Requests count monitoring"", ""Response time monitoring"", ""Geographical monitoring"", ""Per method monitoring""]","[""N.Virginia"",""Hong Kong""]",,,,"[{""label"":""Contact Sales"", ""url"":""https://onfinality.io/pricing"", ""type"":""external""}, {""label"":""Docs"", ""url"":""https://documentation.onfinality.io/"", ""type"":""external""}]"
onfinality-astar-dedicated,OnFinality,Dedicated,Recent-State,astar,from $350,$6/$3.75 per 1M units,,,,FALSE,FALSE,"[""eth"",""web3"",""net""]",,,"[""Requests count monitoring"", ""Response time monitoring"", ""Geographical monitoring"", ""Per method monitoring""]","[""N.Virginia"",""Hong Kong""]",,,,"[{""label"":""Buy"", ""url"":""https://app.onfinality.io/"", ""type"":""external""}, {""label"":""Docs"", ""url"":""https://documentation.onfinality.io/"", ""type"":""external""}]"
onfinality-astar-dedicated-archive,OnFinality,Dedicated,Full Archive,astar,from $470,$6/$3.75 per 1M units,,,,FALSE,FALSE,"[""eth"",""web3"",""net"",""debug"",""trace""]",,,"[""Requests count monitoring"", ""Response time monitoring"", ""Geographical monitoring"", ""Per method monitoring""]","[""N.Virginia"",""Hong Kong""]",,,,"[{""label"":""Buy"", ""url"":""https://app.onfinality.io/"", ""type"":""external""}, {""label"":""Docs"", ""url"":""https://documentation.onfinality.io/"", ""type"":""external""}]"
onfinality-astar-dedicated-collator,OnFinality,Dedicated,Collator,astar,from $510,$6/$3.75 per 1M units,,,,FALSE,FALSE,,,,"[""Requests count monitoring"", ""Response time monitoring"", ""Geographical monitoring"", ""Per method monitoring""]","[""N.Virginia"",""Hong Kong""]",,,,"[{""label"":""Buy"", ""url"":""https://app.onfinality.io/"", ""type"":""external""}, {""label"":""Docs"", ""url"":""https://documentation.onfinality.io/"", ""type"":""external""}]"
onfinality-astar-dedicated-trace,OnFinality,Dedicated,Trace,astar,from $550,$6/$3.75 per 1M units,,,,FALSE,FALSE,"[""eth"",""web3"",""net"",""debug"",""trace""]",,,"[""Requests count monitoring"", ""Response time monitoring"", ""Geographical monitoring"", ""Per method monitoring""]","[""N.Virginia"",""Hong Kong""]",,,,"[{""label"":""Buy"", ""url"":""https://app.onfinality.io/"", ""type"":""external""}, {""label"":""Docs"", ""url"":""https://documentation.onfinality.io/"", ""type"":""external""}]"
onfinality-shiden-free,OnFinality,Free,Recent-State,shiden,0,$0,,,,FALSE,FALSE,"[""eth"",""web3"",""net""]","[""400k units/day""]",,"[""Requests count monitoring"", ""Response time monitoring"", ""Geographical monitoring"", ""Per method monitoring""]","[""N.Virginia"",""Hong Kong""]",,,,"[{""label"":""Send Requests"", ""url"":""https://astar.api.onfinality.io/public"", ""type"":""external""}, {""label"":""Docs"", ""url"":""https://documentation.onfinality.io/"", ""type"":""external""}]"
onfinality-shiden-pay-as-you-go,OnFinality,Pay-as-you-go,Full Archive,shiden,$49/$249 with 20M/100M units included,$6/$3.75 per 1M units,,,,FALSE,FALSE,"[""eth"",""web3"",""net"",""debug"",""trace""]",,,"[""Requests count monitoring"", ""Response time monitoring"", ""Geographical monitoring"", ""Per method monitoring""]","[""N.Virginia"",""Hong Kong""]",,,,"[{""label"":""Buy"", ""url"":""https://app.onfinality.io/"", ""type"":""external""}, {""label"":""Docs"", ""url"":""https://documentation.onfinality.io/"", ""type"":""external""}]"
onfinality-shiden-enterprise,OnFinality,Enterprise,Full Archive,shiden,Custom,Custom,,,,FALSE,FALSE,"[""eth"",""web3"",""net"",""debug"",""trace""]",,,"[""Requests count monitoring"", ""Response time monitoring"", ""Geographical monitoring"", ""Per method monitoring""]","[""N.Virginia"",""Hong Kong""]",,,,"[{""label"":""Contact Sales"", ""url"":""https://onfinality.io/pricing"", ""type"":""external""}, {""label"":""Docs"", ""url"":""https://documentation.onfinality.io/"", ""type"":""external""}]"
onfinality-shiden-dedicated,OnFinality,Dedicated,Recent-State,shiden,from $180,$6/$3.75 per 1M units,,,,FALSE,FALSE,"[""eth"",""web3"",""net""]",,,"[""Requests count monitoring"", ""Response time monitoring"", ""Geographical monitoring"", ""Per method monitoring""]","[""N.Virginia"",""Hong Kong""]",,,,"[{""label"":""Buy"", ""url"":""https://app.onfinality.io/"", ""type"":""external""}, {""label"":""Docs"", ""url"":""https://documentation.onfinality.io/"", ""type"":""external""}]"
onfinality-shiden-dedicated-archive,OnFinality,Dedicated,Full Archive,shiden,from $360,$6/$3.75 per 1M units,,,,FALSE,FALSE,"[""eth"",""web3"",""net"",""debug"",""trace""]",,,"[""Requests count monitoring"", ""Response time monitoring"", ""Geographical monitoring"", ""Per method monitoring""]","[""N.Virginia"",""Hong Kong""]",,,,"[{""label"":""Buy"", ""url"":""https://app.onfinality.io/"", ""type"":""external""}, {""label"":""Docs"", ""url"":""https://documentation.onfinality.io/"", ""type"":""external""}]"
onfinality-shiden-dedicated-collator,OnFinality,Dedicated,Collator,shiden,from $480,$6/$3.75 per 1M units,,,,FALSE,FALSE,,,,"[""Requests count monitoring"", ""Response time monitoring"", ""Geographical monitoring"", ""Per method monitoring""]","[""N.Virginia"",""Hong Kong""]",,,,"[{""label"":""Buy"", ""url"":""https://app.onfinality.io/"", ""type"":""external""}, {""label"":""Docs"", ""url"":""https://documentation.onfinality.io/"", ""type"":""external""}]"
radiumblock-astar-free,RadiumBlock,Free,Recent-State,astar,$0,$0,100%,,,FALSE,FALSE,[],"[""rate limiting applies""]",,,,,,,"[{""label"":""Send Requests"", ""url"":""https://astar.public.curie.radiumblock.co/http"", ""type"":""external""}]"
radiumblock-astar-dedicated,RadiumBlock,Dedicated,Full Archive,astar,$375/$725/$990+,$0,100%,,,FALSE,FALSE,[],"[""depending on the plan rate limiting applies""]",,,,,,,"[{""label"":""Contact sales"", ""url"":""https://radiumblock.com/contact.html"", ""type"":""external""}]"
radiumblock-astar-enterprise,RadiumBlock,Enterprise,Full Archive,astar,$150/$400/$750+,$15/$8/$0 per 1M requests,100%,,,FALSE,FALSE,[],"[""depending on the plan rate limiting applies""]",,,,,,,"[{""label"":""Contact sales"", ""url"":""https://radiumblock.com/contact.html"", ""type"":""external""}]"
radiumblock-shiden-dedicated,RadiumBlock,Dedicated,Full Archive,shiden,$375/$725/$990+,$0,100%,,,FALSE,FALSE,[],"[""depending on the plan rate limiting applies""]",,,,,,,"[{""label"":""Contact sales"", ""url"":""https://radiumblock.com/contact.html"", ""type"":""external""}]"
radiumblock-shiden-enterprise,RadiumBlock,Enterprise,Full Archive,shiden,$150/$400/$750+,$15/$8/$0 per 1M requests,100%,,,FALSE,FALSE,[],"[""depending on the plan rate limiting applies""]",,,,,,,"[{""label"":""Contact sales"", ""url"":""https://radiumblock.com/contact.html"", ""type"":""external""}]"
startale-astar-free,Startale,Free,Recent-State,astar,0,0,,,,FALSE,FALSE,"[""eth"",""web3"",""net""]","[""30 requests per second"", ""2 endpoints""]",,"[""Success/Fail rate""]",,,,,"[{""label"":""Website"", ""url"":""https://startale.com/en/scs/pricing"", ""type"":""external""}, {""label"":""Docs"", ""url"":""https://documentation.onfinality.io/"", ""type"":""external""}]"
startale-astar-pay-as-you-go,Startale,Pay-as-you-go,Full Archive,astar,$39/$169 with 400M/1.5B CU included,$1 per 1M CU,,,,FALSE,FALSE,"[""eth"",""web3"",""net"", ""debug"", ""trace"", ""user operations""]","[""300/500 requests per second"", ""5/30 endpoints""]","[""IP whitelistening"", ""Domain whitelistening""]","[""Success/Fail rate""]",,,,,"[{""label"":""Buy"", ""url"":""https://startale.com/en/scs/pricing"", ""type"":""external""}, {""label"":""Docs"", ""url"":""https://documentation.onfinality.io/"", ""type"":""external""}]"
startale-astar-enterprise,Startale,Enterprise,Full Archive,astar,Custom,,Custom,,,FALSE,FALSE,"[""eth"",""web3"",""net"", ""debug"", ""trace"", ""user operations""]",,"[""IP whitelistening"", ""Domain whitelistening""]","[""Success/Fail rate""]",,,,,"[{""label"":""Buy"", ""url"":""https://startale.com/en/scs/pricing"", ""type"":""external""}, {""label"":""Docs"", ""url"":""https://documentation.onfinality.io/"", ""type"":""external""}]"
startale-shiden-free,Startale,Free,Recent-State,shiden,0,0,,,,FALSE,FALSE,"[""eth"",""web3"",""net""]","[""30 requests per second"", ""2 endpoints""]",,"[""Success/Fail rate""]",,,,,"[{""label"":""Website"", ""url"":""https://startale.com/en/scs/pricing"", ""type"":""external""}, {""label"":""Docs"", ""url"":""https://documentation.onfinality.io/"", ""type"":""external""}]"
startale-shiden-pay-as-you-go,Startale,Pay-as-you-go,Full Archive,shiden,$39/$169 with 400M/1.5B CU included,,,,,FALSE,FALSE,"[""eth"",""web3"",""net"", ""debug"", ""trace"", ""user operations""]","[""300/500 requests per second"", ""5/30 endpoints""]","[""IP whitelistening"", ""Domain whitelistening""]","[""Success/Fail rate""]",,,,,"[{""label"":""Buy"", ""url"":""https://startale.com/en/scs/pricing"", ""type"":""external""}, {""label"":""Docs"", ""url"":""https://documentation.onfinality.io/"", ""type"":""external""}]"
startale-shiden-enterprise,Startale,Enterprise,Full Archive,shiden,Custom,,Custom,,,FALSE,FALSE,"[""eth"",""web3"",""net"", ""debug"", ""trace"", ""user operations""]",,"[""IP whitelistening"", ""Domain whitelistening""]","[""Success/Fail rate""]",,,,,"[{""label"":""Buy"", ""url"":""https://startale.com/en/scs/pricing"", ""type"":""external""}, {""label"":""Docs"", ""url"":""https://documentation.onfinality.io/"", ""type"":""external""}]"
thirdweb-astar-free,ThirdWeb,Free,Recent-State,astar,0,0,,,,FALSE,FALSE,"[""eth"",""web3"",""net""]","[""100 requests per second"", ""1M requests""]",,,,,,,"[{""label"":""Send Requests"", ""url"":""https://592.rpc.thirdweb.com"", ""type"":""external""}]"
thirdweb-shiden-free,ThirdWeb,Free,Recent-State,shiden,0,0,,,,FALSE,FALSE,"[""eth"",""web3"",""net""]","[""100 requests per second"", ""1M requests""]",,,,,,,"[{""label"":""Send Requests"", ""url"":""https://336.rpc.thirdweb.com"", ""type"":""external""}]"
thirdweb-astar-pay-as-you-go,ThirdWeb,Pay-as-you-go,Recent-State,astar,$5/$99,$8 per 1M requests (volume discounts applies),,,,FALSE,FALSE,"[""eth"",""web3"",""net""]","[""100/250 requests per second""]",,,,,,,"[{""label"":""Website"", ""url"":""https://thirdweb.com/pricing"", ""type"":""external""}, {""label"":""Docs"", ""url"":""https://portal.thirdweb.com/"", ""type"":""external""}]"
thirdweb-shiden-pay-as-you-go,ThirdWeb,Pay-as-you-go,Recent-State,shiden,$5/$99,$8 per 1M requests (volume discounts applies),,,,FALSE,FALSE,"[""eth"",""web3"",""net""]","[""100/250 requests per second""]",,,,,,,"[{""label"":""Website"", ""url"":""https://thirdweb.com/pricing"", ""type"":""external""}, {""label"":""Docs"", ""url"":""https://portal.thirdweb.com/"", ""type"":""external""}]"
thirdweb-astar-dedicated,ThirdWeb,Dedicated,Recent-State,astar,$499 + Node price (unknown),$8 per 1M requests (volume discounts applies),,,,FALSE,FALSE,"[""eth"",""web3"",""net""]","[""1000 requests per second""]",,,,,,,"[{""label"":""Website"", ""url"":""https://thirdweb.com/pricing"", ""type"":""external""}, {""label"":""Docs"", ""url"":""https://portal.thirdweb.com/"", ""type"":""external""}]"
thirdweb-shiden-dedicated,ThirdWeb,Dedicated,Recent-State,shiden,$499 + Node price (unknown),$8 per 1M requests (volume discounts applies),,,,FALSE,FALSE,"[""eth"",""web3"",""net""]","[""1000 requests per second""]",,,,,,,"[{""label"":""Website"", ""url"":""https://thirdweb.com/pricing"", ""type"":""external""}, {""label"":""Docs"", ""url"":""https://portal.thirdweb.com/"", ""type"":""external""}]"
thirdweb-astar-enterprise,ThirdWeb,Enterprise,Recent-State,astar,$1499+,$8 per 1M requests (volume discounts applies),,,,FALSE,FALSE,"[""eth"",""web3"",""net""]",,,,,,,,"[{""label"":""Website"", ""url"":""https://thirdweb.com/pricing"", ""type"":""external""}, {""label"":""Docs"", ""url"":""https://portal.thirdweb.com/"", ""type"":""external""}]"
thirdweb-shiden-enterprise,ThirdWeb,Enterprise,Recent-State,shiden,$1499+,$8 per 1M requests (volume discounts applies),,,,FALSE,FALSE,"[""eth"",""web3"",""net""]",,,,,,,,"[{""label"":""Website"", ""url"":""https://thirdweb.com/pricing"", ""type"":""external""}, {""label"":""Docs"", ""url"":""https://portal.thirdweb.com/"", ""type"":""external""}]"
