slug,provider,actionButtons,chain,address,technology,plan,accessPrice,queryPrice,verifiedUptime,verifiedLatency,verifiedBlocksBehindAvg,uptimeSla,bandwidthSla,blocksBehindSla,supportSla,starred,trial,availableApis,limitations,securityImprovements,monitoringAndAnalytics,regions,additionalFeatures
indexing-co-mainnet-free,!provider:indexing-co-free,"[""[Docs](https://docs.indexing.co/networks/solana)""]",mainnet,,,,,,,,,,,,,,,,,,,,
indexing-co-devnet-free,!provider:indexing-co-free,"[""[Docs](https://docs.indexing.co/networks/solana_devnet)""]",devnet,,,,,,,,,,,,,,,,,,,,
indexing-co-mainnet-pay-as-you-go,!provider:indexing-co-pay-as-you-go,"[""[Docs](https://docs.indexing.co/networks/solana)""]",mainnet,,,,,,,,,,,,,,,,,,,,
indexing-co-devnet-pay-as-you-go,!provider:indexing-co-pay-as-you-go,"[""[Docs](https://docs.indexing.co/networks/solana_devnet)""]",devnet,,,,,,,,,,,,,,,,,,,,
indexing-co-mainnet-enterprise,!provider:indexing-co-enterprise,"[""[Docs](https://docs.indexing.co/networks/solana)""]",mainnet,,,,,,,,,,,,,,,,,,,,
indexing-co-devnet-enterprise,!provider:indexing-co-enterprise,"[""[Docs](https://docs.indexing.co/networks/solana_devnet)""]",devnet,,,,,,,,,,,,,,,,,,,,
moralis-mainnet-indexer-free,!provider:moralis-mainnet-indexer-free,"[""[Website](https://moralis.com/data-indexer/)"",""[Website](https://moralis.com/pricing/)""]",mainnet,,,,,,,,,,,,,,,,,,,,
moralis-mainnet-indexer-starter,!provider:moralis-mainnet-indexer-starter,"[""[Website](https://moralis.com/data-indexer/)"",""[Website](https://moralis.com/pricing/)""]",mainnet,,,,,,,,,,,,,,,,,,,,
moralis-mainnet-indexer-pro,!provider:moralis-mainnet-indexer-pro,"[""[Website](https://moralis.com/data-indexer/)"",""[Website](https://moralis.com/pricing/)""]",mainnet,,,,,,,,,,,,,,,,,,,,
moralis-mainnet-indexer-business,!provider:moralis-mainnet-indexer-business,"[""[Website](https://moralis.com/data-indexer/)"",""[Website](https://moralis.com/pricing/)""]",mainnet,,,,,,,,,,,,,,,,,,,,
moralis-mainnet-indexer-enterprise,!provider:moralis-mainnet-indexer-enterprise,"[""[Website](https://moralis.com/data-indexer/)"",""[Website](https://moralis.com/pricing/)""]",mainnet,,,,,,,,,,,,,,,,,,,,
moralis-testnet-indexer-free,!provider:moralis-testnet-indexer-free,"[""[Website](https://moralis.com/data-indexer/)"",""[Website](https://moralis.com/pricing/)""]",testnet,,,,,,,,,,,,,,,,,,,,
moralis-testnet-indexer-starter,!provider:moralis-testnet-indexer-starter,"[""[Website](https://moralis.com/data-indexer/)"",""[Website](https://moralis.com/pricing/)""]",testnet,,,,,,,,,,,,,,,,,,,,
moralis-testnet-indexer-pro,!provider:moralis-testnet-indexer-pro,"[""[Website](https://moralis.com/data-indexer/)"",""[Website](https://moralis.com/pricing/)""]",testnet,,,,,,,,,,,,,,,,,,,,
moralis-testnet-indexer-business,!provider:moralis-testnet-indexer-business,"[""[Website](https://moralis.com/data-indexer/)"",""[Website](https://moralis.com/pricing/)""]",testnet,,,,,,,,,,,,,,,,,,,,
moralis-testnet-indexer-enterprise,!provider:moralis-testnet-indexer-enterprise,"[""[Website](https://moralis.com/data-indexer/)"",""[Website](https://moralis.com/pricing/)""]",testnet,,,,,,,,,,,,,,,,,,,,
